first_name,last_name,email,score (%),nombre_completo
April,Gonzalez,user8@example.com,100.0%,April Gonzalez
Colton,Collins,user9@example.com,100.0%,Colton Collins
Joseph,Yang,user10@example.com,100.0%,Joseph Yang
Michelle,Logan,user11@example.com,100.0%,Michelle Logan
Mary,Pollard,user12@example.com,100.0%,Mary Pollard
Gail,Harris,user13@example.com,100.0%,Gail Harris
Lauren,Fletcher,user14@example.com,100.0%,Lauren Fletcher
Alan,Liu,user15@example.com,100.0%,Alan Liu
Douglas,Williams,user16@example.com,100.0%,Douglas Williams
Daniel,Smith,user17@example.com,100.0%,Daniel Smith
